actual;predicted
0.0581;-0.13371862
0.0649;-0.13259497
0.075;-0.13172595
0.0828;-0.13112295
0.0874;-0.13081254
0.0866;-0.13078843
0.0921;-0.13100709
0.0933;-0.1313976
0.0935;-0.13192573
0.0891;-0.13254541
0.0905;-0.13321042
0.0889;-0.13385999
0.0884;-0.13447218
0.0914;-0.13503379
0.0914;-0.1355505
0.0844;-0.13603061
0.0845;-0.13646369
0.0857;-0.13681361
0.0784;-0.137086
0.0772;-0.13728651
0.0832;-0.13740425
0.0898;-0.13744633
0.0922;-0.13748187
0.0917;-0.13756607
0.092;-0.13770996
0.0915;-0.13789701
0.0897;-0.13810337
0.0895;-0.13830358
0.0914;-0.13848713
0.0912;-0.13865107
0.0886;-0.1388013
0.0886;-0.13892886
0.0858;-0.13902684
0.0819;-0.13908273
0.0775;-0.13908097
0.0783;-0.139002
0.0809;-0.13884698
0.079;-0.13864772
0.0718;-0.13842931
0.073;-0.13818645
0.0736;-0.13790113
0.0727;-0.13758606
0.073;-0.13726178
0.0742;-0.13694277
0.0767;-0.13663915
0.0785;-0.1363667
0.0768;-0.13614643
0.0718;-0.13598502
0.0567;-0.13584754
0.0498;-0.13566205
0.0441;-0.13534836
0.0338;-0.13486625
0.0262;-0.13421226
0.0201;-0.13337864
0.0169;-0.13237579
0.0097;-0.13123675
0.0086;-0.13000146
0.0013;-0.12869003
-0.0036;-0.12734418
-0.003;-0.12596296
-0.0015;-0.12455401
-0.0002;-0.12317263
0.0014;-0.12187123
0.0023;-0.12067848
0.0045;-0.11961558
0.0036;-0.11868499
0.0047;-0.11789635
0.0003;-0.1172181
-0.0074;-0.11664793
-0.0132;-0.11613583
-0.0162;-0.11560974
-0.0173;-0.11502732
-0.0218;-0.11439488
-0.0192;-0.11374436
-0.0205;-0.1130522
-0.0196;-0.11238329
-0.0201;-0.11173682
-0.0257;-0.11113809
-0.0184;-0.11059813
-0.0188;-0.11004239
-0.023;-0.10958616
-0.019;-0.10921103
-0.0125;-0.10884663
-0.0145;-0.10853976
-0.0207;-0.10836031
-0.0156;-0.10825968
-0.0158;-0.10813083
-0.0262;-0.10805291
-0.0275;-0.10802619
-0.0293;-0.10791852
-0.0352;-0.10775137
-0.0348;-0.10753881
-0.0456;-0.10723174
-0.0461;-0.10690415
-0.0474;-0.10644409
-0.0511;-0.10591357
-0.0554;-0.10534677
-0.0572;-0.10474343
-0.0544;-0.10408839
-0.0463;-0.10339656
-0.0439;-0.10271965
-0.04;-0.10217132
-0.0348;-0.10173897
-0.0316;-0.10143134
-0.0292;-0.10127544
-0.0234;-0.1012522
-0.0219;-0.10133146
-0.0126;-0.10154597
-0.0144;-0.10183061
-0.0195;-0.10228346
-0.0189;-0.10280746
-0.0158;-0.10329884
-0.0206;-0.10375818
-0.019;-0.10422742
-0.0223;-0.10461783
-0.0258;-0.10497934
-0.028;-0.10527872
-0.0281;-0.10548392
-0.0254;-0.10559738
-0.0259;-0.10564613
-0.0217;-0.10568022
-0.0223;-0.1056864
-0.0158;-0.10573059
-0.0138;-0.10577022
-0.0067;-0.10588881
-0.0043;-0.10605539
-0.0031;-0.10633005
0.0033;-0.10669262
0.0048;-0.10710248
0.0054;-0.10760267
0.0035;-0.10815771
0.0005;-0.10873715
-0.0016;-0.10929906
-0.0023;-0.1097984
-0.0017;-0.11021529
-0.0006;-0.11055507
0.0002;-0.11083718
-0.0017;-0.1110798
-0.0032;-0.11130202
-0.0007;-0.11147919
-0.0014;-0.1116066
0.002;-0.11172725
-0.0017;-0.11182412
-0.0034;-0.11194245
-0.004;-0.11203867
-0.0082;-0.11209518
-0.0107;-0.11212555
-0.0162;-0.11209582
-0.0147;-0.11200691
-0.0158;-0.11181779
-0.0121;-0.11158358
-0.0044;-0.11131126
-0.0057;-0.11104816
-0.0025;-0.11089027
-0.0017;-0.11078396
0.0071;-0.11075237
0.0099;-0.11076273
0.0144;-0.11089702
0.0173;-0.11113442
0.0161;-0.11147514
0.0237;-0.11190978
0.0247;-0.1123704
0.0251;-0.11291566
0.0247;-0.11351179
0.0216;-0.11412679
0.025;-0.114732
0.0233;-0.1152749
0.025;-0.11579205
0.0243;-0.11625851
0.0221;-0.11669372
0.0222;-0.11708906
0.0186;-0.11742043
0.0175;-0.11770113
0.013;-0.11790236
0.006;-0.11803716
0.0079;-0.11808226
0.0038;-0.1179952
0.0076;-0.11783992
0.0096;-0.11760461
0.0096;-0.11735814
0.0129;-0.1171305
0.0098;-0.11692403
0.0101;-0.11676937
0.0107;-0.11662288
0.0043;-0.11649229
0.003;-0.11638429
0.0108;-0.11623432
0.0161;-0.11603271
0.0168;-0.11587854
0.0187;-0.11581629
0.0257;-0.11582658
0.0289;-0.11590152
0.0308;-0.11607961
0.0335;-0.11635873
0.0405;-0.11671536
0.043;-0.11713649
0.0441;-0.1176572
0.0467;-0.11825147
0.0462;-0.11889017
0.0482;-0.11956024
0.0521;-0.12022834
0.0542;-0.12089229
0.0553;-0.12156709
0.0552;-0.12225238
0.0605;-0.12293261
0.0599;-0.12359339
0.0631;-0.12426425
0.0574;-0.12491971
0.0655;-0.12556614
0.0629;-0.12614967
0.0585;-0.12672141
0.0566;-0.12725665
0.0595;-0.12770897
0.0612;-0.12807742
0.0607;-0.12839484
0.0597;-0.12868412
0.0519;-0.12894832
0.047;-0.12916525
0.0471;-0.12927511
0.0481;-0.12926221
0.0471;-0.1291626
0.0455;-0.1290131
0.0467;-0.12882459
0.0475;-0.12860674
0.0486;-0.12838311
0.0439;-0.12817141
0.0432;-0.12797469
0.0419;-0.1277649
0.0479;-0.12753871
0.0501;-0.12730363
0.0515;-0.12711547
0.051;-0.12699126
0.0489;-0.12692578
0.0466;-0.12689893
0.0465;-0.12688038
0.0442;-0.1268479
0.0431;-0.12679616
0.0453;-0.1267187
0.0443;-0.12661412
0.0427;-0.12651432
0.0409;-0.12640691
0.0393;-0.12628943
0.0408;-0.12615332
0.0398;-0.1259945
0.044;-0.12583037
0.0468;-0.12566721
0.0488;-0.12554419
0.0605;-0.12548237
0.0605;-0.12549835
0.059;-0.1256573
0.057;-0.1259209
0.0555;-0.1262316
0.0569;-0.12654549
0.0578;-0.12683854
0.0595;-0.12711477
0.0597;-0.12738185
0.0551;-0.12764771
0.0564;-0.12790689
0.0546;-0.1281202
0.0513;-0.12829466
0.0546;-0.1284179
0.049;-0.12848297
0.0515;-0.12851651
0.0562;-0.12850028
0.0589;-0.1284654
0.0648;-0.1284607
0.0671;-0.1285108
0.0662;-0.12864664
0.0696;-0.1288606
0.0722;-0.12912056
0.0743;-0.1294298
0.0732;-0.12978971
0.0735;-0.13018915
0.0746;-0.13059944
0.0751;-0.13100281
0.0801;-0.13139825
0.0924;-0.13178693
0.0912;-0.13221568
0.0934;-0.13274014
0.096;-0.13333042
0.1009;-0.13396838
0.1018;-0.13465028
0.1102;-0.13537535
0.1154;-0.13614598
0.1205;-0.13698027
0.1238;-0.13789427
0.1243;-0.13888037
0.1259;-0.13991466
0.1252;-0.14096892
0.1231;-0.14200342
0.1212;-0.14298761
0.1201;-0.14389007
0.1261;-0.14468615
0.1228;-0.14540744
0.1219;-0.14604776
0.1174;-0.14662121
0.1085;-0.14709648
0.1083;-0.14743273
0.1037;-0.14762846
0.1025;-0.14766891
0.1012;-0.14758536
0.1001;-0.14739521
0.0987;-0.14712779
0.0991;-0.14680584
0.0984;-0.1464513
0.0967;-0.14607829
0.0963;-0.14569797
0.097;-0.1453126
0.0982;-0.14492527
0.0971;-0.1445631
0.0956;-0.1442287
0.0937;-0.1439182
0.0945;-0.14361553
0.0959;-0.14332166
0.0975;-0.1430385
0.0973;-0.14278643
0.1015;-0.14257246
0.1067;-0.14241195
0.1042;-0.14232731
0.1012;-0.1423188
0.0961;-0.14236075
0.0935;-0.14239821
0.093;-0.14239348
0.0866;-0.1423322
0.0895;-0.1421963
0.0876;-0.14200783
0.0858;-0.1417712
0.09;-0.14151026
0.094;-0.1412475
0.0963;-0.1410106
0.1059;-0.14083935
0.1088;-0.14077091
0.1136;-0.14082853
0.1218;-0.14102787
0.1251;-0.14137314
0.1311;-0.1418624
0.1214;-0.14249483
0.1186;-0.14319725
0.117;-0.14389865
0.1169;-0.14452611
0.1125;-0.1450679
0.1074;-0.14551164
0.1043;-0.14584172
0.0994;-0.14604233
0.0954;-0.14609978
0.0975;-0.14601809
0.0954;-0.14582619
0.0917;-0.14554976
0.0886;-0.1452103
0.0918;-0.14480814
0.0913;-0.14437269
0.0939;-0.1439263
0.0946;-0.14350961
0.0981;-0.14313444
0.1017;-0.14282264
0.1083;-0.14259543
0.1013;-0.1424748
0.1039;-0.1424418
0.1039;-0.14247571
0.0988;-0.14253369
0.0987;-0.14259484
0.093;-0.14263853
0.0902;-0.14262393
0.089;-0.14254433
0.084;-0.14238852
0.0703;-0.14215207
0.0643;-0.14180273
0.0618;-0.1413006
0.057;-0.14064796
0.0546;-0.13986883
0.0569;-0.13899714
0.0568;-0.13807346
0.0515;-0.13715236
0.0523;-0.13625821
0.0518;-0.1353866
0.05;-0.13454899
0.0504;-0.13375765
0.0509;-0.13300893
0.0456;-0.1323149
0.0423;-0.13167663
0.0409;-0.13105991
0.0366;-0.13043877
0.031;-0.12981519
0.0288;-0.12916994
0.0213;-0.12848362
0.0227;-0.12775658
0.019;-0.12697043
0.014;-0.1261621
0.0068;-0.1253472
0.0036;-0.12450155
0.0073;-0.12360002
0.0021;-0.12265968
0.0036;-0.12174845
0.0058;-0.12085207
0.0085;-0.12000108
-0.0045;-0.11922877
-0.005;-0.11857083
-0.0131;-0.11789972
-0.0186;-0.11722872
-0.0238;-0.11650464
-0.027;-0.11571708
-0.0337;-0.11486103
-0.037;-0.11395858
-0.0385;-0.11299104
-0.0398;-0.11198175
-0.0424;-0.11096071
-0.0402;-0.10995775
-0.0374;-0.10896797
-0.0339;-0.10803902
-0.0314;-0.10720652
-0.0271;-0.10650569
-0.0266;-0.10593431
-0.0233;-0.10551832
-0.0159;-0.10521772
-0.0157;-0.10502777
-0.0105;-0.10500675
-0.0049;-0.10508782
0.0004;-0.1052809
0.0047;-0.1055996
0.0048;-0.10604572
0.0045;-0.10661419
0.0056;-0.10724342
0.0015;-0.10788228
-0.0044;-0.10853265
-0.0074;-0.10912759
-0.0168;-0.10960288
-0.0151;-0.1099649
-0.0143;-0.11014006
-0.0225;-0.11019688
-0.0238;-0.11020131
-0.0287;-0.11008031
-0.0263;-0.1098752
-0.0289;-0.10956047
-0.0305;-0.10921901
-0.034;-0.10884304
-0.0476;-0.10844526
-0.0489;-0.10803534
-0.0524;-0.10747538
-0.0615;-0.10682824
-0.065;-0.10612504
-0.0636;-0.10530692
-0.0603;-0.10439748
-0.0533;-0.10346647
-0.059;-0.10257495
-0.0571;-0.1018448
-0.0546;-0.10115617
-0.0524;-0.1005453
-0.0474;-0.10002763
-0.0445;-0.09959869
-0.0427;-0.09929922
-0.0418;-0.09912407
-0.0384;-0.09905846
-0.037;-0.09906685
-0.0376;-0.09916489
-0.0448;-0.09933993
-0.0466;-0.09957676
-0.0441;-0.09975278
-0.0387;-0.09986228
-0.0358;-0.09993581
-0.0379;-0.10004467
-0.0346;-0.10021973
-0.034;-0.10038742
-0.0355;-0.10059269
-0.0326;-0.10082129
-0.0304;-0.10103086
-0.0302;-0.10125442
-0.0302;-0.1015071
-0.0288;-0.10177831
-0.0239;-0.10204233
-0.0213;-0.10229848
-0.0191;-0.10260054
-0.0212;-0.10294409
-0.02;-0.10333343
-0.0193;-0.10370664
-0.0231;-0.10406908
-0.0241;-0.10443726
-0.0227;-0.10474652
-0.0239;-0.10499184
-0.025;-0.1052071
-0.0226;-0.10537986
-0.0252;-0.10550041
-0.0265;-0.10561919
-0.0301;-0.10570283
-0.0317;-0.10575277
-0.0335;-0.10573959
-0.0351;-0.10567249
-0.0427;-0.10555868
-0.0447;-0.10541533
-0.0536;-0.10516611
-0.0563;-0.10485562
-0.0581;-0.10441245
-0.0636;-0.10387549
-0.0662;-0.10328583
-0.0684;-0.10262081
-0.0665;-0.101907
-0.0641;-0.10114922
-0.0635;-0.1004074
-0.0646;-0.09973097
-0.0624;-0.09913083
-0.0621;-0.09857704
-0.0614;-0.09810157
-0.0581;-0.0976939
-0.0567;-0.0973421
-0.057;-0.09708282
-0.0477;-0.09690849
-0.0424;-0.09675469
-0.0387;-0.09673716
-0.0296;-0.0968583
-0.0231;-0.09707838
-0.0204;-0.09746066
-0.0135;-0.09800878
-0.0075;-0.09865309
0.0007;-0.09941687
0.0043;-0.1002831
0.0125;-0.10128513
0.015;-0.10236045
0.0158;-0.10354796
0.0198;-0.10479441
0.0208;-0.10604291
0.0194;-0.10729568
0.0163;-0.10852716
0.0105;-0.10968912
0.0089;-0.11073946
0.0018;-0.11162059
-0.0042;-0.11234984
-0.0099;-0.11288416
-0.0177;-0.11321008
-0.0199;-0.11333358
-0.0221;-0.1132383
-0.0224;-0.1129792
-0.0248;-0.11259436
-0.024;-0.1121397
-0.0209;-0.11162663
-0.0157;-0.1110935
-0.0004;-0.11059126
0.0049;-0.11015938
0.0102;-0.10994569
0.0203;-0.10993661
0.0222;-0.1101082
0.0269;-0.11050182
0.0305;-0.1110447
0.0321;-0.11171848
0.0449;-0.11249159
0.0536;-0.11330888
0.06;-0.11425507
0.0649;-0.11534788
0.0717;-0.11656536
0.0771;-0.11787935
0.0814;-0.11928388
0.0889;-0.12075692
0.0921;-0.12227653
0.0948;-0.12385031
0.0991;-0.12544875
0.0994;-0.12704524
0.093;-0.12862277
0.089;-0.13013846
0.0826;-0.13151413
0.0803;-0.1326997
0.072;-0.1336698
0.0671;-0.13441318
0.0646;-0.13491857
0.061;-0.1351941
0.0622;-0.13527417
0.064;-0.1351972
0.0655;-0.13501734
0.0669;-0.13478895
0.0705;-0.1345437
0.0721;-0.13431992
0.0719;-0.1341435
0.0709;-0.1340176
0.0708;-0.13393435
0.0671;-0.1338731
0.0655;-0.13381702
0.0683;-0.13374206
0.0697;-0.13363595
0.0725;-0.13352849
0.0766;-0.13344494
0.0739;-0.13340862
0.0789;-0.13342722
0.0814;-0.13348733
0.0869;-0.13360064
0.0868;-0.13378169
0.0893;-0.13404113
0.0874;-0.13436338
0.0856;-0.13472444
0.0833;-0.13509344
0.0802;-0.13544029
0.0804;-0.13573535
0.0768;-0.13596699
0.0763;-0.1361299
0.0721;-0.13622773
0.0697;-0.1362542
0.0701;-0.13620268
0.0644;-0.1360795
0.0619;-0.13589051
0.0592;-0.13562952
0.0523;-0.13529408
0.0485;-0.13488328
0.0476;-0.13438189
0.0436;-0.13379715
0.0444;-0.13315488
0.0459;-0.13247284
0.0486;-0.13178433
0.0526;-0.13113274
0.0551;-0.1305531
0.0595;-0.13007301
0.0615;-0.12970728
0.062;-0.12946577
0.0622;-0.12933683
0.0638;-0.1292991
0.0679;-0.12932263
0.0695;-0.12940437
0.0687;-0.12955303
0.0737;-0.12976249
0.0736;-0.13000971
0.0744;-0.13030806
0.0779;-0.13064212
0.0792;-0.131001
0.0785;-0.13139188
0.0802;-0.13180389
0.0834;-0.13222139
0.0855;-0.1326424
0.0872;-0.13308236
0.0944;-0.13354355
0.096;-0.13403401
0.0942;-0.13458066
0.0951;-0.13516775
0.0957;-0.1357601
0.0933;-0.1363414
0.094;-0.13689345
0.0917;-0.13739833
0.0905;-0.1378471
0.0928;-0.13822833
0.098;-0.1385462
0.0955;-0.13883324
0.0947;-0.1391106
0.095;-0.13937543
0.0964;-0.13961121
0.0994;-0.13982424
0.0975;-0.14003253
0.1013;-0.14024118
0.1058;-0.14045677
0.1076;-0.14069235
0.1131;-0.14097098
0.1128;-0.1413119
0.1204;-0.14170454
0.1168;-0.14216727
0.1177;-0.14267339
0.1173;-0.14320628
0.1143;-0.14372973
0.1105;-0.14422041
0.1116;-0.144645
0.1097;-0.14499258
0.1053;-0.14525893
0.1069;-0.14544259
0.1093;-0.1455485
0.1092;-0.14560035
0.1097;-0.14562906
0.1085;-0.14565083
0.1105;-0.14566307
0.1146;-0.14567794
0.1143;-0.14571035
0.1142;-0.14577278
0.1179;-0.14586687
0.1202;-0.14599101
0.1219;-0.14614773
0.1298;-0.1463537
0.1286;-0.14663346
0.133;-0.14697309
0.1299;-0.14738868
0.1263;-0.14783072
0.1233;-0.14827237
0.1199;-0.14866064
0.1228;-0.14896223
0.1208;-0.14919312
0.118;-0.1493476
0.1156;-0.14944488
0.1169;-0.1494698
0.1148;-0.1494438
0.1094;-0.14936383
0.1025;-0.14922704
0.1028;-0.1490075
0.0992;-0.14870727
0.1057;-0.14831501
0.1028;-0.14790086
0.0972;-0.14747372
0.1017;-0.14704317
0.1027;-0.14661875
0.1047;-0.14620677
0.1007;-0.14584482
0.1021;-0.14552161
0.1;-0.14523493
0.1021;-0.1449601
0.1014;-0.14471261
0.1031;-0.14448687
0.1057;-0.1442925
0.1054;-0.14413895
0.1079;-0.14403078
0.1111;-0.14396983
0.1173;-0.14396785
0.1196;-0.14404504
0.1249;-0.14421803
0.1309;-0.14450161
0.1287;-0.14489952
0.1272;-0.14538893
0.1244;-0.14592843
0.1238;-0.14646229
0.1237;-0.14696023
0.1196;-0.14740545
0.1165;-0.14777695
0.1131;-0.14806576
0.1079;-0.1482541
0.0941;-0.14832738
0.0885;-0.14822842
0.083;-0.14794645
0.0736;-0.14745227
0.0724;-0.1467647
0.063;-0.14592554
0.0599;-0.14492929
0.0566;-0.14382209
0.0556;-0.14262103
0.0575;-0.14137666
0.0563;-0.1401325
0.0627;-0.13893327
0.0696;-0.13781983
0.0771;-0.13684587
0.0855;-0.13606665
0.095;-0.13552022
0.1034;-0.13523659
0.1122;-0.13522929
0.1285;-0.13549833
0.1293;-0.13605371
0.1346;-0.13689443
0.1419;-0.13796067
0.1419;-0.13919383
0.1448;-0.14055192
0.1389;-0.14198296
0.143;-0.14340487
0.1397;-0.14478098
0.1334;-0.14605898
0.1328;-0.14721009
0.1312;-0.1482094
0.1378;-0.14904198
0.1391;-0.14976716
0.1401;-0.15041597
0.1435;-0.1510242
0.1486;-0.15161186
0.1493;-0.15220709
0.1476;-0.1528074
0.1482;-0.15341163
0.1461;-0.15400034
0.146;-0.15453969
0.1286;-0.15502796
0.1127;-0.15534948
0.1073;-0.15545122
0.0979;-0.15527746
0.0891;-0.15479186
0.0813;-0.15403567
0.072;-0.15303186
0.0622;-0.15179999
0.0543;-0.1503644
0.0524;-0.14874916
0.0412;-0.14699738
0.0428;-0.145143
0.0397;-0.14324811
0.0329;-0.1413405
0.0294;-0.1394682
0.0312;-0.13763297
0.031;-0.1358571
0.0217;-0.13417202
0.0223;-0.13259654
0.0264;-0.13109553
0.0104;-0.12967776
0.0105;-0.12837498
0.0101;-0.12708414
0.0057;-0.12581754
0.0043;-0.1246049
0.0011;-0.1234318
-0.0068;-0.12230475
-0.0143;-0.12122102
-0.0222;-0.12013425
-0.0316;-0.11900891
-0.035;-0.11782443
-0.0359;-0.11654706
-0.0338;-0.11522478
-0.026;-0.11390536
-0.0212;-0.11263765
-0.0058;-0.11152753
-0.0067;-0.11058913
0.0038;-0.10997187
0.0189;-0.10956237
0.0243;-0.10940087
0.0351;-0.10957347
0.0403;-0.11000299
0.0471;-0.11071218
0.0566;-0.11162616
0.0626;-0.1127148
0.0727;-0.11398543
0.0792;-0.11539347
0.0876;-0.11694687
0.0932;-0.11861651
0.0964;-0.12040082
0.0995;-0.12225759
0.0984;-0.12413605
0.0986;-0.12600927
0.0983;-0.12780559
0.0937;-0.12949161
0.0861;-0.13104129
0.0795;-0.13240194
0.0757;-0.13352275
0.0692;-0.13438618
0.0646;-0.13499753
0.0535;-0.1353667
0.0508;-0.13549587
0.0494;-0.13538235
0.0479;-0.13506244
0.0445;-0.13459578
0.0324;-0.13402349
0.03;-0.13335386
0.0218;-0.13255167
0.0137;-0.13163948
-0.0035;-0.13060877
-0.0223;-0.12943755
-0.0253;-0.12806791
-0.029;-0.12644023
-0.0349;-0.12464032
-0.0376;-0.12275194
-0.0384;-0.12081344
-0.0388;-0.11887848
-0.0474;-0.11699824
-0.0463;-0.1152252
-0.0501;-0.11349317
-0.0515;-0.11186206
-0.0523;-0.11031605
-0.0527;-0.10886439
-0.0536;-0.10751908
-0.0549;-0.10628711
-0.0577;-0.1051655
-0.0586;-0.10415064
-0.061;-0.10321172
-0.0586;-0.10235338
-0.0584;-0.10153801
-0.0609;-0.10081487
-0.0579;-0.10018605
-0.0597;-0.09960158
-0.0629;-0.09911308
-0.066;-0.09868744
-0.0699;-0.09828746
-0.0698;-0.09789482
-0.0764;-0.09747487
-0.0814;-0.09707865
-0.0844;-0.09664062
-0.0835;-0.09614034
-0.0867;-0.09558257
-0.0825;-0.09503992
-0.0781;-0.09445114
-0.0737;-0.09390178
-0.0609;-0.09343869
-0.0554;-0.09305023
-0.0479;-0.09288706
-0.0381;-0.0929071
-0.0177;-0.09311704
-0.0139;-0.0934916
-0.0117;-0.09424335
-0.0126;-0.09523299
-0.0131;-0.09637925
-0.0139;-0.09757696
-0.0136;-0.09876623
-0.0167;-0.09989867
-0.0176;-0.10097077
-0.0158;-0.10192617
-0.0162;-0.10275902
-0.0177;-0.10350482
-0.0187;-0.10416609
-0.016;-0.10473466
-0.0186;-0.10520125
-0.018;-0.10562763
-0.0116;-0.10597914
-0.01;-0.10626388
-0.0031;-0.10656974
-0.0019;-0.10687906
0.0041;-0.10726511
0.0062;-0.10768888
0.0085;-0.10819003
0.0111;-0.10874246
0.0121;-0.10933504
0.011;-0.10995775
0.0101;-0.11059177
0.0108;-0.11120018
0.0094;-0.11175375
0.0032;-0.11226471
-0.0057;-0.11272062
-0.006;-0.11306626
-0.0066;-0.11322254
-0.005;-0.11325116
-0.0058;-0.11318597
-0.0104;-0.11308031
-0.0116;-0.11294921
-0.0116;-0.11275856
-0.0129;-0.11252019
-0.0131;-0.1122618
-0.0046;-0.11198407
0.0002;-0.11168593
-0.0019;-0.11147115
0.0029;-0.11137676
0.0071;-0.11133592
0.0162;-0.11137625
0.0173;-0.11150595
0.0196;-0.111788
0.0294;-0.11216807
0.0341;-0.11261643
0.0461;-0.11319225
0.0552;-0.1138773
0.0585;-0.11472921
0.0577;-0.11576211
0.061;-0.11691931
0.0618;-0.11811429
0.0598;-0.11932683
0.0635;-0.12052207
0.0646;-0.1216507
0.0589;-0.1227271
0.0535;-0.12374446
0.0505;-0.12464375
0.0472;-0.12538423
0.0417;-0.12595521
0.0367;-0.12635964
0.0377;-0.1265872
0.0402;-0.12664586
0.0381;-0.12659433
0.0428;-0.12648737
0.0452;-0.12633999
0.0462;-0.12620485
0.0499;-0.12610841
0.0527;-0.12604953
0.0556;-0.12605098
0.0572;-0.12612632
0.0597;-0.12627158
0.0617;-0.12647736
0.0629;-0.12673566
0.0634;-0.12704498
0.064;-0.12738958
0.0605;-0.12774676
0.0598;-0.12810327
0.061;-0.12841699
0.0615;-0.12868226
0.0596;-0.12891714
0.0567;-0.12912951
0.0542;-0.12930112
0.051;-0.12941417
0.0495;-0.12945932
0.0508;-0.12942535
0.0567;-0.12932673
0.0531;-0.1292075
0.0536;-0.12911636
0.0613;-0.12903446
0.0589;-0.12896922
0.0603;-0.12896903
0.0653;-0.12901346
0.0685;-0.1290945
0.0667;-0.12923717
0.0727;-0.129448
0.0772;-0.12969616
0.0781;-0.13000555
0.0744;-0.13038954
0.0774;-0.13081717
0.08;-0.13124357
0.0813;-0.1316703
0.0856;-0.13210899
0.0903;-0.13256311
0.0902;-0.13305157
0.0958;-0.13358453
0.0959;-0.13415429
0.0968;-0.13476093
0.0992;-0.13539231
0.1009;-0.13602944
0.0973;-0.13666756
0.093;-0.13729036
0.0939;-0.13785884
0.0994;-0.13834584
0.0978;-0.1387713
0.1017;-0.13916445
0.1016;-0.13954508
0.1014;-0.13991413
0.1016;-0.14027068
0.0994;-0.14061289
0.1005;-0.14092402
0.0998;-0.14119458
0.0966;-0.14142996
0.0993;-0.1416211
0.0997;-0.14176896
0.0972;-0.14188431
0.0971;-0.14197871
0.0964;-0.14204246
0.0957;-0.14207235
0.0984;-0.14207534
0.0993;-0.14206845
0.0968;-0.14206123
0.0976;-0.14205706
0.1027;-0.1420525
0.0992;-0.14205825
0.1091;-0.14207785
0.109;-0.1421502
0.11;-0.14227405
0.1162;-0.1424686
0.1183;-0.14273009
0.1199;-0.1430592
0.1186;-0.14345768
0.1215;-0.14390065
0.1222;-0.14437306
0.1202;-0.14485335
0.1228;-0.14532354
0.1257;-0.14578465
0.1247;-0.14623295
0.1285;-0.14667355
0.1311;-0.14712091
0.1398;-0.14757523
0.1445;-0.14808379
0.152;-0.14866157
0.1556;-0.14935057
0.1523;-0.1501451
0.1557;-0.15099974
0.1595;-0.15189712
0.157;-0.15280744
0.1539;-0.15369943
0.1465;-0.15454783
0.1401;-0.1552816
0.1325;-0.1558561
0.1286;-0.15622336
0.1215;-0.15638754
0.1202;-0.15632826
0.104;-0.15609203
0.1041;-0.1556205
0.1063;-0.15499063
0.1116;-0.15421566
0.117;-0.1533999
0.125;-0.15262333
0.1336;-0.15197267
0.1369;-0.15150586
0.1413;-0.15124217
0.1548;-0.15118453
0.1538;-0.15135935
0.1523;-0.15171716
0.1501;-0.15223137
0.1529;-0.15281397
0.1524;-0.15343241
0.1502;-0.15404053
0.1429;-0.15462191
0.1414;-0.15511449
0.1348;-0.15551147
0.138;-0.15575379
0.138;-0.15589859
0.1431;-0.15594731
0.1476;-0.15597296
0.1526;-0.1560101
0.1591;-0.15611474
0.1637;-0.15632494
0.1641;-0.15665653
0.1619;-0.15709321
0.1562;-0.15759616
0.1549;-0.15809035
0.1525;-0.15854773
0.1494;-0.15891758
0.1453;-0.159203
0.1463;-0.15937454
0.1453;-0.15945624
0.1392;-0.15944332
0.1414;-0.1593324
0.1392;-0.15917076
0.1417;-0.15893045
0.1402;-0.15867785
0.1451;-0.15840122
0.1496;-0.15815498
0.1544;-0.15796567
0.1555;-0.1578753
0.1585;-0.15788305
0.1585;-0.15799572
0.1626;-0.15818134
0.1611;-0.15845305
0.1627;-0.15876597
0.1622;-0.15912515
0.1658;-0.15949558
0.1641;-0.15988779
0.1629;-0.16026658
0.1612;-0.1606323
0.1596;-0.16095734
0.1623;-0.16122773
0.1566;-0.16146281
0.1513;-0.16161488
0.1485;-0.16169415
0.1255;-0.16168042
0.1221;-0.16142224
0.1202;-0.16099834
0.1153;-0.16034392
0.1128;-0.1595104
0.1148;-0.15856567
0.1116;-0.15756303
0.1086;-0.15652336
0.1067;-0.15549095
0.1106;-0.15446433
0.112;-0.15348437
0.1139;-0.15256527
0.1168;-0.1517492
0.1139;-0.15104684
0.1153;-0.15044044
0.1133;-0.14993209
0.1131;-0.14948785
0.1134;-0.14910057
0.1129;-0.14875859
0.1145;-0.14845236
0.1108;-0.1481916
0.1076;-0.14795193
0.103;-0.14771971
0.0965;-0.14745444
0.0915;-0.14712764
0.0929;-0.14671564
0.0797;-0.1462298
0.0759;-0.14564055
0.0706;-0.14495485
0.0636;-0.14415285
0.0576;-0.14324534
0.0528;-0.14223467
0.0482;-0.14114392
0.0438;-0.1399724
0.043;-0.13873899
0.0404;-0.13747284
0.0355;-0.13620284
0.0347;-0.13494399
0.0338;-0.13370386
0.0273;-0.13249888
0.0211;-0.13133955
0.0136;-0.13019437
0.011;-0.12903458
0.0093;-0.1278371
0.0049;-0.12661938
0.009;-0.12541334
0.0053;-0.12421848
0.0018;-0.12309822
-0.0003;-0.12204005
-0.0044;-0.12102428
-0.0039;-0.12005002
-0.0057;-0.11909565
-0.0037;-0.11819188
-0.0005;-0.11733472
0.0033;-0.11655439
0.0061;-0.11588304
0.0117;-0.11534411
0.0178;-0.11493281
0.0121;-0.11468316
0.0116;-0.1146158
0.0053;-0.11461837
-0.0006;-0.11466831
-0.0089;-0.11468913
-0.0195;-0.11463526
-0.0275;-0.11445776
-0.038;-0.11410122
-0.0443;-0.11356234
-0.0516;-0.11281804
-0.0557;-0.11190623
-0.0613;-0.11083905
-0.0675;-0.10967021
-0.0724;-0.10842799
-0.0802;-0.10712059
-0.0868;-0.10577993
-0.0938;-0.10438585
-0.1037;-0.10294649
-0.1114;-0.1014754
-0.1165;-0.09993058
-0.1212;-0.09831886
-0.1205;-0.09667508
-0.1112;-0.09500199
-0.108;-0.09334341
-0.1015;-0.09187321
-0.0929;-0.09058036
-0.0793;-0.08950101
-0.0669;-0.08865415
-0.0553;-0.08812827
-0.0426;-0.08794663
-0.0297;-0.08809639
-0.0087;-0.08857928
0.001;-0.08935639
0.0043;-0.09056829
0.0079;-0.09212856
0.0121;-0.09388879
0.016;-0.0957602
0.0186;-0.09768898
0.0163;-0.09963299
0.0195;-0.10156283
0.0204;-0.10337615
0.0147;-0.10509489
0.0054;-0.10671298
0.0016;-0.10815978
-0.0028;-0.10934477
-0.0072;-0.11028148
-0.0115;-0.1109817
-0.0186;-0.11145929
-0.0248;-0.11173683
-0.0339;-0.11180653
-0.0436;-0.11168121
-0.0551;-0.11134556
-0.0616;-0.11079457
-0.0657;-0.11000001
-0.0709;-0.10899991
-0.0737;-0.10786495
-0.0738;-0.10662301
-0.0759;-0.105318
-0.0729;-0.10401711
-0.0704;-0.10272632
-0.0649;-0.1015174
-0.0625;-0.10041354
-0.0561;-0.09947889
-0.0513;-0.09868526
-0.0472;-0.09808636
-0.0425;-0.0976846
-0.0399;-0.09746161
-0.0391;-0.09741628
-0.0356;-0.09751826
-0.0316;-0.09771028
-0.027;-0.09799312
-0.0187;-0.09835923
-0.0133;-0.09880073
-0.0115;-0.09937439
-0.0044;-0.10007899
-0.0025;-0.10084203
0.008;-0.10170835
0.0155;-0.10260446
0.0195;-0.10360816
0.0279;-0.10473117
0.0363;-0.10592416
0.0465;-0.10721252
0.0472;-0.10860346
0.045;-0.11013564
0.0473;-0.11171885
0.0462;-0.11325713
0.0429;-0.11474101
0.0367;-0.11612976
0.0358;-0.11737679
0.0325;-0.11842787
0.0289;-0.11929762
0.0197;-0.11998674
0.02;-0.12049471
0.0244;-0.12078169
0.0229;-0.12090197
0.0261;-0.12094592
0.0258;-0.12092972
0.0278;-0.12089922
0.0266;-0.12086208
0.0274;-0.12083963
0.0254;-0.12081721
0.0179;-0.12080014
0.0128;-0.12076932
0.014;-0.12065893
0.0074;-0.12044652
0.0065;-0.12018079
0.0051;-0.11982696
0.0077;-0.11941442
0.008;-0.11895563
0.0128;-0.1185046
0.0194;-0.11807811
0.0308;-0.1177208
0.0313;-0.11748122
0.0375;-0.11743969
0.0413;-0.11754754
0.0448;-0.11781192
0.0484;-0.11820871
0.0492;-0.11871803
0.0506;-0.11932363
0.0522;-0.11998634
0.0534;-0.12067588
0.0574;-0.12137821
0.0581;-0.12208007
0.0563;-0.12279867
0.0568;-0.12350897
0.053;-0.12417403
0.0532;-0.12478903
0.0477;-0.12531844
0.0443;-0.12576605
0.0406;-0.1260983
0.0382;-0.12630674
0.0363;-0.12638912
0.0367;-0.12636115
0.0383;-0.1262472
0.0341;-0.12608036
0.0349;-0.1258893
0.0318;-0.12566568
0.0314;-0.12542132
0.0313;-0.12514897
0.0323;-0.12485613
0.0349;-0.12455972
0.0393;-0.12427647
0.0441;-0.12403386
0.0457;-0.12386352
0.0491;-0.12379894
0.0504;-0.12382437
0.0554;-0.12394018
0.0557;-0.1241304
0.0589;-0.12440536
0.0609;-0.12474105
0.0634;-0.125133
0.0639;-0.12557156
0.0642;-0.12604965
0.0628;-0.1265443
0.0638;-0.12703691
0.0668;-0.1275052
0.0713;-0.12794913
0.0722;-0.12839454
0.0748;-0.12886234
0.0782;-0.1293527
0.0742;-0.1298662
0.0753;-0.1303997
0.0775;-0.13091172
0.0779;-0.13139501
0.0802;-0.1318587
0.0867;-0.13230519
0.0869;-0.13275808
0.0889;-0.13324133
0.0886;-0.13375299
0.0894;-0.13427618
0.0932;-0.13479477
0.0972;-0.13530566
0.097;-0.13582577
0.0989;-0.13636339
0.1031;-0.13690923
0.1082;-0.13746533
0.1117;-0.13804922
0.1152;-0.13868025
0.1154;-0.13936138
0.1189;-0.14008254
0.1169;-0.1408287
0.1154;-0.14157441
0.1137;-0.14229292
0.1069;-0.1429523
0.1006;-0.1435126
0.0967;-0.14393663
0.0917;-0.14419466
0.0871;-0.1442774
0.0787;-0.14419176
0.0816;-0.14393426
0.0755;-0.14353836
0.075;-0.14301844
0.0775;-0.14242738
0.0797;-0.14179096
0.0818;-0.14115906
0.0797;-0.14057587
0.0809;-0.1400516
0.0792;-0.1395822
0.0794;-0.13916144
0.0774;-0.13878247
0.0757;-0.13843471
0.071;-0.13810499
0.0713;-0.13776857
0.0724;-0.13741198
0.0697;-0.13704683
0.0676;-0.13668564
0.0681;-0.13632162
0.0691;-0.13594967
0.0803;-0.13558456
0.0808;-0.13526984
0.0893;-0.13506387
0.0934;-0.1349884
0.0974;-0.13506319
0.099;-0.1352901
0.1002;-0.13564777
0.1001;-0.13610719
0.1026;-0.13663022
0.1051;-0.1371876
0.1075;-0.1377704
0.1073;-0.1383779
0.1106;-0.13900313
0.1123;-0.13962981
0.1113;-0.1402625
0.1082;-0.1408889
0.106;-0.14147876
0.1057;-0.14200169
0.1106;-0.14244324
0.1067;-0.14282933
0.1091;-0.14316408
0.1124;-0.14346953
0.1154;-0.14375153
0.1191;-0.14404126
0.1168;-0.14436324
0.1177;-0.14471091
0.1201;-0.14507167
0.1239;-0.14543277
0.1284;-0.14581133
0.1322;-0.14622816
0.1369;-0.14669828
0.1475;-0.14723647
0.144;-0.14787075
0.1432;-0.14857952
0.1423;-0.14933996
0.1437;-0.15009159
0.1432;-0.15081471
0.14;-0.15149198
0.1416;-0.15210466
0.1429;-0.15265834
0.1406;-0.15314724
0.1365;-0.1535718
0.1347;-0.15392017
0.1333;-0.15418431
0.135;-0.15435252
0.1367;-0.15445282
0.1296;-0.15451068
0.1265;-0.15450767
0.1279;-0.15445077
0.1269;-0.15433115
0.1264;-0.15414965
0.1356;-0.15394238
0.1407;-0.1537674
0.1495;-0.15365107
0.1551;-0.1536742
0.1607;-0.15385067
0.1684;-0.15420525
0.1765;-0.15474015
0.1845;-0.15545638
0.1889;-0.1563586
0.1913;-0.15742368
0.2012;-0.15861806
0.1959;-0.1599495
0.1936;-0.16129142
0.1899;-0.16264789
0.1846;-0.1639156
0.1783;-0.1650357
0.1692;-0.16595963
0.1596;-0.16663507
0.149;-0.16703388
0.1483;-0.16711806
0.134;-0.1669555
0.1362;-0.1664614
0.1402;-0.16581637
0.1416;-0.16502881
0.1439;-0.16418678
0.1495;-0.1633718
0.1482;-0.1626452
0.1487;-0.16200235
0.1468;-0.16147044
0.1451;-0.1610049
0.1335;-0.16059291
0.1273;-0.16014269
0.1195;-0.15963374
0.1078;-0.15899646
0.0927;-0.15818942
0.0834;-0.15717071
0.0707;-0.15593398
0.0551;-0.15444446
0.0408;-0.15270491
0.0332;-0.150716
0.0346;-0.1485083
0.0366;-0.14616132
0.0279;-0.14377545
0.0353;-0.14143968
0.0409;-0.13921277
0.0455;-0.13715029
0.0481;-0.13532847
0.049;-0.13377498
0.0513;-0.1324836
0.0538;-0.13142699
0.0614;-0.13058409
0.0546;-0.12993787
0.0502;-0.1295004
0.0499;-0.12916985
0.0469;-0.12887569
0.0407;-0.1286022
0.0405;-0.12832196
0.0424;-0.12799482
0.0437;-0.12764092
0.0386;-0.12729497
0.0452;-0.12697585
0.0484;-0.12665766
0.0525;-0.12640128
0.0561;-0.12623174
0.0589;-0.12616776
0.0606;-0.12621726
0.0593;-0.12637386
0.0558;-0.12661079
0.0528;-0.1268868
0.0479;-0.12715232
0.0405;-0.12736958
0.0412;-0.12749559
0.0422;-0.12749001
0.0411;-0.12738898
0.038;-0.12724257
0.0342;-0.12705119
0.0263;-0.12680846
0.0216;-0.12649924
0.0172;-0.12608798
0.0222;-0.12557162
0.0119;-0.12496351
0.0159;-0.12434055
0.0215;-0.12365316
0.0242;-0.12297396
0.0278;-0.12237445
0.0312;-0.12187673
0.0336;-0.12149991
0.0361;-0.12125264
0.0382;-0.12112153
0.0437;-0.1210952
0.049;-0.1211614
0.0541;-0.12134255
0.0537;-0.12163997
0.0559;-0.12205651
0.0547;-0.12254111
0.0535;-0.12307234
0.049;-0.12360925
0.043;-0.12411849
0.0374;-0.12455249
0.0308;-0.12486582
0.0206;-0.12503114
0.0189;-0.12502769
0.017;-0.12482437
0.0165;-0.12446029
0.0178;-0.12398376
0.014;-0.12344403
0.011;-0.12289076
0.0103;-0.12231832
0.0116;-0.12172565
-0.0057;-0.12112836
-0.021;-0.12056121
-0.025;-0.11988065
-0.0267;-0.11900312
-0.0352;-0.1179647
-0.0423;-0.11684026
-0.0518;-0.11562222
-0.0596;-0.11431824
-0.0697;-0.11291171
-0.0754;-0.11141688
-0.086;-0.10981318
-0.0878;-0.10815144
-0.0931;-0.1063864
-0.0936;-0.10460934
-0.094;-0.10282059
-0.0947;-0.10108729
-0.0952;-0.09944624
-0.1022;-0.09791771
-0.1031;-0.0965392
-0.1025;-0.09521319
-0.1029;-0.09396398
-0.1054;-0.092821
-0.1077;-0.09179372
-0.1074;-0.09085482
-0.1085;-0.0899697
-0.1102;-0.0891661
-0.1123;-0.08843379
-0.1022;-0.08775886
-0.0996;-0.08706295
-0.0959;-0.08653554
-0.0849;-0.08613465
-0.0764;-0.08582654
-0.0703;-0.08573224
-0.0656;-0.08586647
-0.0593;-0.08619992
-0.0577;-0.08668472
-0.0508;-0.08734439
-0.0446;-0.08807459
-0.0425;-0.08890925
-0.0411;-0.0898599
-0.0393;-0.09087183
-0.0376;-0.0918991
-0.0345;-0.09292383
-0.0338;-0.09391804
-0.0392;-0.09490175
-0.0401;-0.09586915
-0.0356;-0.09671648
-0.037;-0.09743475
-0.0371;-0.09811312
-0.0336;-0.09872056
-0.0327;-0.09924643
-0.0305;-0.09974509
-0.0344;-0.10021067
-0.0334;-0.10068156
-0.0359;-0.10108213
-0.0427;-0.10144648
-0.0401;-0.10176148
-0.0359;-0.10193764
-0.0382;-0.10204395
-0.0382;-0.10215203
-0.0378;-0.10222706
-0.0334;-0.10227753
-0.0329;-0.10229672
-0.029;-0.10235061
-0.0231;-0.10241733
-0.0199;-0.10252423
-0.0116;-0.10271733
-0.0082;-0.10297717
-0.0058;-0.10336541
-0.0045;-0.1038567
-0.0119;-0.10442735
-0.0195;-0.10506523
-0.0239;-0.10565059
-0.027;-0.10610136
-0.0289;-0.10640308
-0.0352;-0.10656484
-0.0389;-0.10662475
-0.0448;-0.10654566
-0.048;-0.10634532
-0.052;-0.10601199
-0.0507;-0.10557461
-0.0533;-0.10502927
-0.0527;-0.10445745
-0.0506;-0.10385129
-0.0511;-0.1032501
-0.0483;-0.10269808
-0.0431;-0.10218303
-0.0404;-0.10173434
-0.0357;-0.10139763
-0.0322;-0.10116166
-0.0266;-0.10105406
-0.0259;-0.10105896
-0.0264;-0.10120812
-0.0216;-0.10145094
-0.0198;-0.10172801
-0.0167;-0.10207535
-0.0142;-0.102466
-0.0088;-0.1029056
-0.0042;-0.10337453
0.0035;-0.10390533
0.0077;-0.10449538
0.0115;-0.10519041
0.0149;-0.10597712
0.0207;-0.10683772
0.0237;-0.10774618
0.0292;-0.10871875
0.0321;-0.10972604
0.0296;-0.11078483
0.0283;-0.11187726
0.0396;-0.11293229
0.0349;-0.11390151
0.0315;-0.11490354
0.0324;-0.11584961
0.0307;-0.116693
0.031;-0.11744569
0.0301;-0.11809582
0.024;-0.11865927
0.0225;-0.11913707
0.0186;-0.11948338
0.0156;-0.11971278
0.0181;-0.11981858
0.0179;-0.1198076
0.0184;-0.11973675
0.0167;-0.11963162
0.0142;-0.11951266
0.0115;-0.1193704
0.0099;-0.11919506
0.013;-0.11897566
0.0068;-0.11871567
0.0074;-0.11846466
0.0065;-0.1181722
0.0085;-0.11785999
0.0068;-0.11753707
0.004;-0.11723697
0.0008;-0.11694871
0.0003;-0.11664981
0.0009;-0.11632213
0.005;-0.11597651
0.0068;-0.11563374
0.0063;-0.11534743
0.0102;-0.11512873
0.0142;-0.11494608
0.0195;-0.11483891
0.0164;-0.11482308
0.0184;-0.11492509
0.0218;-0.11507292
0.0236;-0.11526135
0.023;-0.1155052
0.0207;-0.1158019
0.0217;-0.11611822
0.0198;-0.11641511
0.0167;-0.11669864
0.0111;-0.11694424
0.0129;-0.11712994
0.0084;-0.11721176
0.009;-0.11723917
0.0141;-0.11718788
0.0152;-0.1170862
0.0142;-0.11700289
0.009;-0.11694666
0.0083;-0.1169109
0.0076;-0.11683544
0.0103;-0.1167271
0.0169;-0.11658934
0.0221;-0.11646031
0.0237;-0.11640526
0.0258;-0.11645634
0.0269;-0.11659276
0.0299;-0.11680177
0.0307;-0.11706
0.0308;-0.11737283
0.0307;-0.1177226
0.0375;-0.11808383
0.0438;-0.11843707
0.0574;-0.118834
0.0668;-0.11931501
0.0762;-0.11996362
0.0858;-0.12080133
0.0956;-0.1218352
0.1189;-0.12306727
0.1199;-0.12450832
0.1236;-0.12624055
0.1262;-0.12816164
0.1222;-0.13018169
0.1195;-0.13221988
0.1165;-0.13417356
0.1078;-0.13597877
0.0956;-0.13757408
0.0885;-0.13888513
0.0762;-0.13986348
0.0746;-0.14048122
0.0695;-0.14076611
0.0694;-0.14075446
0.0702;-0.14052166
0.0679;-0.14013276
0.0641;-0.13964538
0.0647;-0.1390903
0.0617;-0.13848871
0.061;-0.13785753
0.0601;-0.13721399
0.0578;-0.13656716
0.0598;-0.13592818
0.0592;-0.13530639
0.0597;-0.13471897
0.0675;-0.13417166
0.0727;-0.13368607
0.0785;-0.13330711
0.0855;-0.1330742
0.0936;-0.13300596
0.0995;-0.1331204
0.0983;-0.13342877
0.0979;-0.13389568
0.1011;-0.1344732
0.1011;-0.13510637
0.0987;-0.1357725
0.1003;-0.13644537
0.101;-0.1370932
0.1057;-0.13770722
0.1006;-0.13830611
0.1062;-0.1388866
0.1134;-0.13944414
0.1198;-0.14000586
0.1266;-0.14061542
0.1314;-0.14131315
0.1372;-0.14210898
0.1427;-0.14300665
0.1448;-0.14400418
0.1442;-0.14508429
0.1483;-0.14620465
0.1481;-0.14734364
0.1457;-0.14846312
0.145;-0.14953688
0.1439;-0.15053761
0.1496;-0.15143691
0.1458;-0.15226811
0.1455;-0.15300581
0.1444;-0.15367177
0.1425;-0.15424493
0.1417;-0.15472266
0.1376;-0.15510839
0.1348;-0.15538426
0.1321;-0.15555647
0.1336;-0.15562189
0.1263;-0.15560831
0.1221;-0.15548322
0.1161;-0.15527093
0.1135;-0.15493768
0.1096;-0.15449458
0.1036;-0.15394138
0.1045;-0.15328231
0.1045;-0.15256374
0.1075;-0.1517943
0.1114;-0.15103379
0.1143;-0.1503273
0.1156;-0.14971165
0.1171;-0.14920527
0.1223;-0.14880829
0.1244;-0.14852929
0.1311;-0.14836638
0.1344;-0.14834529
0.135;-0.14845407
0.1371;-0.14868562
0.1385;-0.14901826
0.1401;-0.14942
0.1417;-0.14987448
0.1433;-0.15036112
0.1429;-0.1508781
0.1457;-0.15140343
0.1465;-0.1519399
0.1468;-0.15247339
0.1463;-0.1530021
0.14;-0.15351458
0.141;-0.15396373
0.1374;-0.154356
0.1359;-0.15464462
0.1318;-0.15485597
0.1286;-0.15496579
0.1219;-0.15497902
0.1113;-0.15486577
0.1091;-0.15459456
0.1085;-0.15418026
0.1058;-0.1536248
0.1049;-0.1529689
0.1014;-0.15225606
0.1001;-0.15149614
0.0979;-0.1507155
0.098;-0.14991932
0.0945;-0.14913
0.0821;-0.14834261
0.0748;-0.14752252
0.074;-0.14663114
0.0646;-0.14565283
0.0647;-0.14458388
0.0626;-0.14345951
0.0606;-0.14229462
0.06;-0.14112814
0.0607;-0.13998301
0.06;-0.1388833
0.0538;-0.13785106
0.0506;-0.13687885
0.0475;-0.13594036
0.0518;-0.13501494
0.0565;-0.1341139
0.0579;-0.13328882
0.0565;-0.13257813
0.058;-0.13198811
0.0582;-0.13149461
0.0571;-0.13109058
0.0602;-0.13076225
0.0576;-0.13049693
0.0564;-0.13029978
0.0568;-0.1301378
0.0562;-0.12999117
0.0485;-0.12986055
0.0469;-0.1297295
0.0467;-0.12955023
0.0474;-0.12931705
0.0488;-0.1290531
0.0516;-0.12878272
0.0526;-0.1285346
0.0547;-0.12834015
0.0569;-0.12820123
0.0571;-0.12811954
0.0525;-0.12810487
0.0571;-0.12812954
0.0527;-0.12815496
0.0516;-0.12819822
0.0414;-0.12822764
0.0376;-0.1282174
0.0373;-0.1281039
0.0379;-0.12788329
0.0328;-0.12758876
0.0343;-0.1272538
0.0286;-0.12686427
0.0277;-0.12644717
0.0233;-0.1259874
0.0173;-0.12549676
0.0055;-0.1249614
0.0017;-0.12435573
-0.0001;-0.12362072
-0.0039;-0.12277305
-0.0041;-0.12186249
-0.0068;-0.12090588
-0.0098;-0.11994451
-0.0094;-0.11899018
-0.0128;-0.11804743
-0.0151;-0.11714441
-0.0134;-0.1162671
-0.0085;-0.11540917
-0.0059;-0.11460257
0.0018;-0.1139041
0.0112;-0.1133216
0.012;-0.11290518
0.0145;-0.11271463
0.0155;-0.11269003
0.0192;-0.11280621
0.0199;-0.11301335
0.0245;-0.11331876
0.0193;-0.11368118
0.0225;-0.11413008
0.0181;-0.11456266
0.0149;-0.11500327
0.0113;-0.11539298
0.0067;-0.11570828
0.0015;-0.11592555
-0.0004;-0.11603147
-0.0085;-0.11600475
-0.0147;-0.1158782
-0.0181;-0.11561553
-0.0179;-0.11521284
-0.0227;-0.11468909
-0.0261;-0.11410767
-0.0261;-0.11346428
-0.0273;-0.11276224
-0.0277;-0.11204738
-0.0272;-0.11133642
-0.0278;-0.11064471
-0.0249;-0.10999836
-0.0192;-0.10939119
-0.0177;-0.10885002
-0.014;-0.10843119
-0.0103;-0.10811752
-0.0053;-0.10791623
-0.0044;-0.10782677
-0.0033;-0.10787594
-0.0014;-0.10802144
-0.0016;-0.10823608
0.008;-0.10851002
0.0081;-0.10879491
0.0044;-0.10918672
0.0032;-0.10964853
0.0006;-0.11009653
0.0016;-0.11051613
-0.0036;-0.11087174
-0.0024;-0.11119272
-0.0036;-0.11142173
-0.0081;-0.11159762
-0.0019;-0.11172433
-0.0025;-0.11176044
-0.0048;-0.11180279
-0.004;-0.1118445
-0.0069;-0.11185639
-0.009;-0.11186409
-0.009;-0.11183986
-0.0099;-0.11177008
-0.0041;-0.11167408
-0.0001;-0.11154473
0.0037;-0.11145447
0.0061;-0.11143278
0.0089;-0.11149397
0.0061;-0.11162886
0.0076;-0.1118454
0.0018;-0.1120749
0.0093;-0.11232863
-0.0041;-0.1125159
-0.0028;-0.11275192
-0.006;-0.11286787
-0.0005;-0.11291456
-0.0013;-0.11287358
0.0;-0.11282784
0.0004;-0.11277697
0.0062;-0.11274047
0.0089;-0.11271072
0.009;-0.11274648
0.009;-0.11285275
0.0115;-0.11300843
0.0099;-0.11318526
0.0031;-0.11340009
0.0165;-0.11362697
0.0137;-0.11376078
0.0076;-0.11397275
0.01;-0.11421259
0.0084;-0.11439477
0.0054;-0.11455879
0.0033;-0.11469232
-0.0032;-0.11477058
-0.0124;-0.11479355
-0.0171;-0.11471665
-0.0182;-0.11448431
-0.0198;-0.11410483
-0.0213;-0.11362942
-0.0255;-0.11309059
-0.0235;-0.11252108
-0.0175;-0.11189958
-0.0063;-0.11128052
-0.0016;-0.11072361
-0.0003;-0.11035742
0.0005;-0.1101735
0.0037;-0.11013369
0.0097;-0.11018933
0.007;-0.11033646
0.0021;-0.11061014
-0.001;-0.11093642
-0.0043;-0.11123306
-0.008;-0.11147156
-0.0126;-0.11163336
-0.0228;-0.11170456
-0.0222;-0.11167611
-0.0281;-0.11147156
-0.0272;-0.11117549
-0.0259;-0.11074923
-0.0278;-0.11026765
-0.0267;-0.10978639
-0.0248;-0.1092933
-0.0215;-0.10882071
-0.0169;-0.10839409
-0.0129;-0.10804121
-0.0095;-0.1077977
-0.0096;-0.107677
-0.0057;-0.10768011
-0.0068;-0.10775323
-0.0057;-0.10791987
-0.0045;-0.1081266
-0.0009;-0.10836592
0.0034;-0.10862197
0.0096;-0.10891122
0.0155;-0.10924666
0.0166;-0.10966544
0.0189;-0.11019257
0.0213;-0.11078322
0.0233;-0.11141741
0.024;-0.1120813
0.0275;-0.11276934
0.0239;-0.11345665
0.0219;-0.11416078
0.0195;-0.11481878
0.0191;-0.11540507
0.0166;-0.11590029
0.0121;-0.11631922
0.0083;-0.11664538
0.0029;-0.11686008
-0.0007;-0.11695308
0.0008;-0.11690905
-0.0011;-0.11673774
0.0034;-0.11649905
0.0042;-0.11620195
0.006;-0.11591719
0.0013;-0.11565803
0.0001;-0.11544713
-0.0069;-0.11523011
-0.0062;-0.11501056
-0.012;-0.11472104
-0.0089;-0.11440777
-0.005;-0.11402448
-0.0039;-0.11363235
-0.0074;-0.1132861
-0.0042;-0.11299857
-0.0023;-0.11271675
-0.0017;-0.11247833
-0.0018;-0.11229955
-0.0006;-0.11217257
-0.0039;-0.11208127
-0.0016;-0.11203454
0.0005;-0.1119806
0.0029;-0.11194323
0.0025;-0.11194234
0.0091;-0.11199228
0.0102;-0.11206196
0.0079;-0.11221173
0.0155;-0.11242748
0.0143;-0.11264761
0.0174;-0.11294615
0.0169;-0.11327376
0.0231;-0.11364266
0.0276;-0.11401291
0.0309;-0.11443415
0.0205;-0.11491719
0.0191;-0.11547121
0.0205;-0.11595098
0.0273;-0.11634935
0.0269;-0.11668718
0.0301;-0.11704499
0.0314;-0.11739911
0.0344;-0.11777346
0.0381;-0.11815719
0.0371;-0.11856186
0.0391;-0.11900555
0.0395;-0.11945724
0.0414;-0.11991252
0.0448;-0.12036091
0.046;-0.12080824
0.0456;-0.12127237
0.0491;-0.12174546
0.0539;-0.12221098
0.0577;-0.12268363
0.0626;-0.12319151
0.0727;-0.12374616
0.0719;-0.12436782
0.0777;-0.12509513
0.0777;-0.12588665
0.0809;-0.12674016
0.0768;-0.12761365
0.0871;-0.12849404
0.089;-0.12934074
0.091;-0.1302042
0.0914;-0.13108268
0.0865;-0.1319604
0.0867;-0.13280521
0.0857;-0.13358213
0.0842;-0.13427019
0.0796;-0.13486558
0.0765;-0.1353532
0.0744;-0.13572118
0.0702;-0.13596089
0.0713;-0.13607818
0.0676;-0.13608465
0.0657;-0.13600045
0.0657;-0.13584128
0.067;-0.13561553
0.0635;-0.13535169
0.062;-0.1350684
0.063;-0.13476156
0.0637;-0.13443518
0.0648;-0.13411038
0.0661;-0.13380328
0.0737;-0.13352728
0.0709;-0.13330725
0.0675;-0.13317116
0.0633;-0.13308628
0.0631;-0.13300954
0.0636;-0.13290253
0.0653;-0.13277201
0.0654;-0.13263361
0.0698;-0.13251105
0.0729;-0.13240641
0.0809;-0.1323547
0.0886;-0.13238484
0.0992;-0.13254064
0.0999;-0.13286662
0.1058;-0.1333747
0.1048;-0.13403216
0.1047;-0.13480082
0.1044;-0.13563006
0.1069;-0.1364681
0.1012;-0.13728982
0.1036;-0.1380696
0.102;-0.1387808
0.1038;-0.13941523
0.1039;-0.13998352
0.1092;-0.1404908
0.1076;-0.14096482
0.1086;-0.14141965
0.1107;-0.14186087
0.1122;-0.14228304
0.1079;-0.14269519
0.1121;-0.14308228
0.1125;-0.14344686
0.1102;-0.14377962
0.1131;-0.14409378
0.1184;-0.14439225
0.1242;-0.14469387
0.128;-0.14503585
0.1286;-0.14544562
0.1287;-0.14592057
0.133;-0.1464406
0.1349;-0.1469922
0.129;-0.14756656
0.1297;-0.1481259
0.1286;-0.1486541
0.1267;-0.14911294
0.1256;-0.14950784
0.1233;-0.14982985
0.1263;-0.1500758
0.126;-0.15026954
0.1233;-0.15041566
0.1175;-0.15052177
0.1156;-0.15056875
0.1164;-0.15053944
0.1148;-0.15043907
0.1148;-0.15027706
0.1152;-0.15008149
0.1135;-0.1498611
0.114;-0.14962807
0.1146;-0.14939383
0.1136;-0.14916189
0.1083;-0.14893748
0.1022;-0.14870504
0.0923;-0.14842588
0.0968;-0.14804739
0.097;-0.14759192
0.0971;-0.14706701
0.0913;-0.14653029
0.0996;-0.14597902
0.0999;-0.14545694
0.0947;-0.14497489
0.0945;-0.14454718
0.0973;-0.14415152
0.1006;-0.14378259
0.1041;-0.14347012
0.1057;-0.14323561
0.107;-0.14309153
0.1084;-0.14303598
0.1058;-0.14305627
0.1049;-0.14312668
0.0987;-0.1432172
0.0931;-0.14328432
0.0877;-0.14329045
0.0864;-0.1431979
0.0779;-0.14299819
0.0693;-0.14267765
0.0669;-0.14222528
0.0678;-0.14163165
0.0669;-0.14092848
0.065;-0.14017032
0.0614;-0.13939355
0.059;-0.13860893
0.0591;-0.13781811
0.0553;-0.13703123
0.0491;-0.13625841
0.0519;-0.13549107
0.0528;-0.13470714
0.0501;-0.13394095
0.0435;-0.13321926
0.0427;-0.13252993
0.038;-0.13182841
0.0459;-0.1311186
0.0439;-0.13041203
0.0431;-0.12976557
0.0428;-0.12918141
0.0323;-0.12864769
0.0307;-0.1281488
0.0326;-0.12761492
0.0302;-0.12704615
0.0282;-0.12648183
0.0238;-0.12592646
0.0235;-0.12537287
0.0214;-0.12480593
0.0202;-0.12423926
0.0181;-0.12367501
0.0197;-0.12311587
0.0146;-0.12256575
0.0205;-0.12205125
0.0213;-0.12153374
0.0217;-0.12107407
0.0192;-0.12068346
0.0179;-0.12035754
0.0228;-0.12006554
0.027;-0.11979038
0.0275;-0.11957626
0.0255;-0.11945559
0.026;-0.1194126
0.0299;-0.11939941
0.0293;-0.11940943
0.0237;-0.11947318
0.0179;-0.11957289
0.016;-0.11963981
0.0131;-0.11962767
0.0097;-0.11953283
0.0126;-0.11936483
0.0159;-0.11911868
0.0167;-0.11885102
0.0171;-0.11861821
0.0204;-0.118422
0.0227;-0.11825788
0.0208;-0.11815379
0.0195;-0.11811838
0.0228;-0.1181165
0.0221;-0.11811949
0.0231;-0.11815712
0.0241;-0.11821187
0.0257;-0.11828548
0.0249;-0.1183764
0.0278;-0.11849637
0.0215;-0.11861761
0.0176;-0.1187667
0.0136;-0.11887458
0.0144;-0.1189131
0.0106;-0.11886273
0.0072;-0.11875589
0.0029;-0.11858165
-0.0026;-0.11833754
-0.004;-0.11801653
-0.0101;-0.11759913
-0.0137;-0.1171157
-0.0148;-0.1165504
-0.0124;-0.11591498
-0.0125;-0.11523964
-0.0153;-0.11458234
-0.0161;-0.11396378
-0.0185;-0.11336455
-0.0192;-0.11278836
-0.0175;-0.11222132
-0.0207;-0.11166985
-0.0221;-0.11117113
-0.0355;-0.1106894
-0.0419;-0.11024404
-0.0478;-0.10970104
-0.0575;-0.10905086
-0.0653;-0.1083018
-0.0689;-0.10742016
-0.0754;-0.10639783
-0.0816;-0.1052933
-0.0874;-0.10411029
-0.0896;-0.10286036
-0.0965;-0.10154289
-0.0911;-0.10023154
-0.0902;-0.09885673
-0.0799;-0.09756696
-0.0758;-0.09633932
-0.0719;-0.09532914
-0.0695;-0.09452641
-0.0601;-0.09393205
-0.0566;-0.09348646
-0.0512;-0.09327658
-0.0357;-0.09324647
-0.033;-0.09334589
-0.0298;-0.09374218
-0.025;-0.09432036
-0.0239;-0.0950269
-0.0232;-0.09585907
-0.0247;-0.09675182
-0.0288;-0.09767018
-0.0307;-0.09856583
-0.0374;-0.09936558
-0.0338;-0.10007833
-0.0339;-0.10060741
-0.0331;-0.1010609
-0.0312;-0.10143831
-0.0314;-0.10175841
-0.0274;-0.1020581
-0.0247;-0.10231835
-0.0211;-0.10258722
-0.0186;-0.10287689
-0.0208;-0.10320929
-0.0183;-0.10359514
-0.0159;-0.1039653
-0.0164;-0.10434324
-0.0165;-0.10473627
-0.0161;-0.10512067
-0.0183;-0.10547807
-0.0176;-0.10581836
-0.0203;-0.10610615
-0.0117;-0.10636561
-0.011;-0.10653948
-0.0095;-0.1067573
-0.0086;-0.10699672
-0.0071;-0.10725129
-0.0025;-0.10752098
0.0046;-0.10779929
0.0058;-0.10811274
0.011;-0.10852113
0.0128;-0.10898222
0.0156;-0.10952184
0.0164;-0.11011297
0.0206;-0.11074837
0.0196;-0.11139843
0.0215;-0.11207834
0.0161;-0.1127446
0.013;-0.11340529
0.0079;-0.11398581
0.0082;-0.11446573
0.008;-0.11480559
